Time,PCTime,UEid,RSRP,SINR
16:8:33.719,58113719,1,-85,
16:8:33.879,58113879,1,-86,16
16:8:34.039,58114039,1,-86,16
16:8:34.219,58114219,1,-84,17
16:8:34.399,58114399,1,-86,16
16:8:34.719,58114719,1,-84,17
16:8:34.799,58114799,1,-83,17
16:8:35.078,58115078,1,-85,17
16:8:35.219,58115219,1,-84,17
16:8:35.399,58115399,1,-86,16
16:8:35.723,58115723,1,-85,17
16:8:35.879,58115879,1,-86,15
16:8:36.039,58116039,1,-85,15
16:8:36.218,58116218,1,-83,16
16:8:36.399,58116399,1,-83,18
16:8:36.719,58116719,1,-86,14
16:8:36.879,58116879,1,-84,15
16:8:37.108,58117108,1,-86,15
16:8:37.219,58117219,1,-86,15
16:8:37.399,58117399,1,-84,16
16:8:37.719,58117719,1,-84,15
16:8:37.879,58117879,1,-84,19
16:8:38.108,58118108,1,-84,15
16:8:38.218,58118218,1,-86,14
16:8:38.399,58118399,1,-85,16
16:8:38.719,58118719,1,-87,17
16:8:38.879,58118879,1,-86,16
16:8:39.039,58119039,1,-85,16
16:8:39.218,58119218,1,-85,15
16:8:39.399,58119399,1,-86,15
16:8:39.719,58119719,1,-87,15
16:8:39.879,58119879,1,-88,13
16:8:40.039,58120039,1,-86,16
16:8:40.218,58120218,1,-87,16
16:8:40.399,58120399,1,-88,15
16:8:40.719,58120719,1,-87,15
16:8:40.880,58120880,1,-87,15
16:8:41.040,58121040,1,-87,16
16:8:41.219,58121219,1,-86,16
16:8:41.400,58121400,1,-87,15
16:8:41.720,58121720,1,-87,15
16:8:41.880,58121880,1,-86,15
16:8:42.040,58122040,1,-87,15
16:8:42.219,58122219,1,-88,15
16:8:42.400,58122400,1,-87,16
16:8:42.720,58122720,1,-87,15
16:8:42.880,58122880,1,-87,15
16:8:43.040,58123040,1,-86,15
16:8:43.219,58123219,1,-86,16
16:8:43.400,58123400,1,-87,14
16:8:43.721,58123721,1,-86,16
16:8:43.880,58123880,1,-87,14
16:8:44.040,58124040,1,-87,16
16:8:44.220,58124220,1,-88,15
16:8:44.400,58124400,1,-86,16
16:8:44.720,58124720,1,-87,16
16:8:44.880,58124880,1,-86,15
16:8:45.040,58125040,1,-87,15
16:8:45.219,58125219,1,-86,15
16:8:45.400,58125400,1,-87,15
16:8:45.720,58125720,1,-86,16
16:8:45.880,58125880,1,-85,15
16:8:46.040,58126040,1,-85,15
16:8:46.220,58126220,1,-85,15
16:8:46.560,58126560,1,-86,15
16:8:46.720,58126720,1,-86,15
16:8:46.880,58126880,1,-86,15
16:8:47.041,58127041,1,-86,15
16:8:47.219,58127219,1,-85,16
16:8:47.400,58127400,1,-85,15
16:8:47.720,58127720,1,-87,16
16:8:47.880,58127880,1,-86,16
16:8:48.040,58128040,1,-87,16
16:8:48.220,58128220,1,-87,15
16:8:48.400,58128400,1,-86,16
16:8:48.720,58128720,1,-86,15
16:8:48.880,58128880,1,-86,16
16:8:49.040,58129040,1,-86,15
16:8:49.219,58129219,1,-85,16
16:8:49.399,58129399,1,-84,15
16:8:49.720,58129720,1,-85,16
16:8:49.840,58129840,1,-86,15
16:8:50.000,58130000,1,-87,15
16:8:50.219,58130219,1,-86,14
16:8:50.520,58130520,1,-86,15
16:8:50.680,58130680,1,-86,14
16:8:50.840,58130840,1,-86,15
16:8:51.109,58131109,1,-87,15
16:8:51.219,58131219,1,-87,14
16:8:51.480,58131480,1,-87,15
16:8:51.679,58131679,1,-86,15
16:8:51.840,58131840,1,-87,15
16:8:52.000,58132000,1,-86,15
16:8:52.219,58132219,1,-88,14
16:8:52.399,58132399,1,-86,15
16:8:52.720,58132720,1,-85,16
16:8:52.840,58132840,1,-89,14
16:8:53.080,58133080,1,-88,14
16:8:53.219,58133219,1,-88,14
16:8:53.640,58133640,1,-86,16
16:8:53.641,58133641,1,-88,15
16:8:53.880,58133880,1,-88,14
16:8:54.040,58134040,1,-87,15
16:8:54.220,58134220,1,-87,15
16:8:54.480,58134480,1,-84,15
16:8:54.800,58134800,1,-84,15
16:8:55.109,58135109,1,-87,15
16:8:55.220,58135220,1,-87,14
16:8:55.400,58135400,1,-87,16
16:8:55.679,58135679,1,-87,15
16:8:55.840,58135840,1,-85,15
16:8:56.110,58136110,1,-86,15
16:8:56.220,58136220,1,-84,15
16:8:56.400,58136400,1,-85,15
16:8:56.680,58136680,1,-83,15
16:8:56.879,58136879,1,-86,14
16:8:57.000,58137000,1,-86,15
16:8:57.220,58137220,1,-85,16
16:8:57.480,58137480,1,-86,16
16:8:57.640,58137640,1,-88,15
16:8:57.800,58137800,1,-88,13
16:8:58.109,58138109,1,-88,14
16:8:58.219,58138219,1,-87,14
16:8:58.400,58138400,1,-89,13
16:8:58.720,58138720,1,-89,14
16:8:58.841,58138841,1,-85,16
16:8:59.110,58139110,1,-84,15
16:8:59.220,58139220,1,-83,17
16:8:59.401,58139401,1,-82,15
16:8:59.681,58139681,1,-83,15
16:9:0.001,58140001,1,-82,13
16:9:0.220,58140220,1,-82,17
16:9:0.482,58140482,1,-83,20
16:9:0.600,58140600,1,-83,15
16:9:0.801,58140801,1,-84,15
16:9:1.081,58141081,1,-85,14
16:9:1.221,58141221,1,-85,15
16:9:1.481,58141481,1,-86,14
16:9:1.640,58141640,1,-88,14
16:9:1.881,58141881,1,-87,18
16:9:2.001,58142001,1,-87,14
16:9:2.220,58142220,1,-86,15
16:9:2.400,58142400,1,-85,15
16:9:2.721,58142721,1,-85,16
16:9:2.841,58142841,1,-85,16
16:9:3.000,58143000,1,-85,14
16:9:3.220,58143220,1,-85,20
16:9:3.400,58143400,1,-87,14
16:9:3.841,58143841,1,-86,14
16:9:4.041,58144041,1,-87,13
16:9:4.202,58144202,1,-88,18
16:9:4.480,58144480,1,-87,17
16:9:4.720,58144720,1,-88,18
16:9:4.880,58144880,1,-88,15
16:9:5.000,58145000,1,-85,16
16:9:5.201,58145201,1,-91,12
16:9:5.400,58145400,1,-89,13
16:9:5.720,58145720,1,-88,16
16:9:5.880,58145880,1,-90,13
16:9:6.040,58146040,1,-89,17
16:9:6.220,58146220,1,-89,13
16:9:6.374,58146374,1,-89,16
16:9:6.800,58146800,1,-90,13
16:9:6.801,58146801,1,-89,15
16:9:7.110,58147110,1,-90,13
16:9:7.220,58147220,1,-89,15
16:9:7.400,58147400,1,-87,15
16:9:7.720,58147720,1,-88,15
16:9:7.840,58147840,1,-88,14
16:9:8.080,58148080,1,-89,14
16:9:8.200,58148200,1,-89,15
16:9:8.481,58148481,1,-87,16
16:9:8.769,58148769,1,-87,16
16:9:8.920,58148920,1,-87,15
16:9:9.080,58149080,1,-87,14
16:9:9.220,58149220,1,-87,15
16:9:9.480,58149480,1,-88,15
16:9:9.601,58149601,1,-87,15
16:9:9.959,58149959,1,-86,15
16:9:10.110,58150110,1,-85,15
16:9:10.220,58150220,1,-85,16
16:9:10.400,58150400,1,-86,14
16:9:10.720,58150720,1,-85,15
16:9:10.841,58150841,1,-84,16
16:9:11.000,58151000,1,-84,15
16:9:11.220,58151220,1,-84,18
16:9:11.400,58151400,1,-87,16
16:9:11.841,58151841,1,-84,17
16:9:12.081,58152081,1,-86,16
16:9:12.220,58152220,1,-87,15
16:9:12.520,58152520,1,-89,15
16:9:12.680,58152680,1,-94,12
16:9:12.841,58152841,1,-90,14
16:9:13.001,58153001,1,-89,12
16:9:13.220,58153220,1,-86,15
16:9:13.520,58153520,1,-84,15
16:9:13.720,58153720,1,-83,14
16:9:13.841,58153841,1,-84,15
16:9:14.000,58154000,1,-84,15
16:9:14.220,58154220,1,-84,15
16:9:14.400,58154400,1,-85,15
16:9:14.720,58154720,1,-84,16
16:9:14.880,58154880,1,-84,16
16:9:15.040,58155040,1,-84,13
16:9:15.220,58155220,1,-83,15
16:9:15.399,58155399,1,-84,14
16:9:15.720,58155720,1,-84,16
16:9:15.881,58155881,1,-85,15
16:9:16.041,58156041,1,-84,13
16:9:16.221,58156221,1,-85,14
16:9:16.521,58156521,1,-86,15
16:9:16.836,58156836,1,-87,16
16:9:17.111,58157111,1,-89,15
16:9:17.221,58157221,1,-89,14
16:9:17.401,58157401,1,-90,14
16:9:17.721,58157721,1,-87,16
16:9:17.842,58157842,1,-88,16
16:9:18.001,58158001,1,-87,14
16:9:18.221,58158221,1,-87,13
16:9:18.401,58158401,1,-87,14
16:9:18.722,58158722,1,-84,15
16:9:18.882,58158882,1,-86,14
16:9:19.042,58159042,1,-87,13
16:9:19.221,58159221,1,-88,15
16:9:19.401,58159401,1,-86,16
16:9:19.682,58159682,1,-85,16
16:9:19.842,58159842,1,-86,15
16:9:20.112,58160112,1,-85,16
16:9:20.221,58160221,1,-86,15
16:9:20.521,58160521,1,-88,15
16:9:20.681,58160681,1,-87,14
16:9:20.842,58160842,1,-87,14
16:9:21.001,58161001,1,-88,14
16:9:21.221,58161221,1,-89,14
16:9:21.401,58161401,1,-90,14
16:9:21.721,58161721,1,-90,14
16:9:21.881,58161881,1,-91,13
16:9:22.041,58162041,1,-89,13
16:9:22.221,58162221,1,-88,14
16:9:22.521,58162521,1,-87,14
16:9:22.881,58162881,1,-86,15
16:9:23.002,58163002,1,-87,15
16:9:23.221,58163221,1,-87,15
16:9:23.401,58163401,1,-87,14
16:9:23.721,58163721,1,-88,14
16:9:23.882,58163882,1,-87,14
16:9:24.041,58164041,1,-87,15
16:9:24.221,58164221,1,-86,15
16:9:24.401,58164401,1,-86,15
16:9:24.722,58164722,1,-88,15
16:9:24.881,58164881,1,-87,15
16:9:25.112,58165112,1,-87,14
16:9:25.221,58165221,1,-86,15
16:9:25.401,58165401,1,-87,14
16:9:25.721,58165721,1,-87,15
16:9:25.881,58165881,1,-86,15
16:9:26.041,58166041,1,-87,14
16:9:26.221,58166221,1,-87,15
16:9:26.401,58166401,1,-86,15
16:9:26.721,58166721,1,-86,14
16:9:26.881,58166881,1,-85,15
16:9:27.041,58167041,1,-85,15
16:9:27.221,58167221,1,-88,15
16:9:27.401,58167401,1,-86,15
16:9:27.721,58167721,1,-87,15
16:9:27.881,58167881,1,-87,14
16:9:28.041,58168041,1,-85,15
16:9:28.221,58168221,1,-86,15
16:9:28.401,58168401,1,-86,15
16:9:28.721,58168721,1,-86,18
16:9:28.881,58168881,1,-87,14
16:9:29.041,58169041,1,-86,15
16:9:29.221,58169221,1,-87,14
16:9:29.401,58169401,1,-87,15
16:9:29.721,58169721,1,-87,15
16:9:30.041,58170041,1,-87,13
16:9:30.042,58170042,1,-87,17
16:9:30.221,58170221,1,-86,14
16:9:30.401,58170401,1,-86,14
16:9:30.721,58170721,1,-87,14
16:9:30.881,58170881,1,-87,14
16:9:31.040,58171040,1,-86,14
16:9:31.221,58171221,1,-87,15
16:9:31.601,58171601,1,-87,18
16:9:31.602,58171602,1,-87,14
16:9:31.881,58171881,1,-87,14
16:9:32.041,58172041,1,-87,14
16:9:32.221,58172221,1,-87,14
16:9:32.401,58172401,1,-86,15
16:9:32.721,58172721,1,-86,14
16:9:32.841,58172841,1,-86,18
16:9:33.112,58173112,1,-85,15
16:9:33.221,58173221,1,-86,15
16:9:33.522,58173522,1,-86,14
16:9:33.682,58173682,1,-86,14
16:9:33.881,58173881,1,-86,13
16:9:34.003,58174003,1,-86,13
16:9:34.222,58174222,1,-85,18
16:9:34.402,58174402,1,-86,14
16:9:34.722,58174722,1,-86,13
16:9:34.881,58174881,1,-86,13
16:9:35.002,58175002,1,-86,14
16:9:35.222,58175222,1,-86,14
16:9:35.402,58175402,1,-85,14
16:9:35.722,58175722,1,-87,13
16:9:35.882,58175882,1,-86,13
16:9:36.042,58176042,1,-83,13
16:9:36.222,58176222,1,-84,13
16:9:36.402,58176402,1,-87,13
16:9:36.722,58176722,1,-89,14
16:9:36.882,58176882,1,-91,11
16:9:37.042,58177042,1,-85,15
16:9:37.222,58177222,1,-88,15
16:9:37.522,58177522,1,-82,15
16:9:37.682,58177682,1,-88,14
16:9:37.842,58177842,1,-86,13
16:9:38.112,58178112,1,-81,16
16:9:38.222,58178222,1,-83,14
16:9:38.402,58178402,1,-82,16
16:9:38.722,58178722,1,-85,11
16:9:39.042,58179042,1,-85,13
16:9:39.043,58179043,1,-84,16
16:9:39.222,58179222,1,-85,15
16:9:39.402,58179402,1,-85,14
16:9:39.682,58179682,1,-85,13
16:9:39.971,58179971,1,-84,15
16:9:40.112,58180112,1,-83,15
16:9:40.222,58180222,1,-83,16
16:9:40.401,58180401,1,-83,14
16:9:40.722,58180722,1,-83,15
16:9:40.881,58180881,1,-84,13
16:9:41.002,58181002,1,-81,17
16:9:41.209,58181209,1,-87,14
16:9:41.522,58181522,1,-78,19
16:9:41.682,58181682,1,-82,18
16:9:41.842,58181842,1,-84,16
16:9:42.112,58182112,1,-82,18
16:9:42.222,58182222,1,-84,16
16:9:42.561,58182561,1,-82,18
16:9:42.722,58182722,1,-82,15
16:9:42.882,58182882,1,-83,18
16:9:43.042,58183042,1,-86,16
16:9:43.222,58183222,1,-83,16
16:9:43.401,58183401,1,-79,18
16:9:43.682,58183682,1,-83,15
16:9:43.842,58183842,1,-80,18
16:9:44.222,58184222,1,-82,17
16:9:44.401,58184401,1,-85,17
16:9:44.722,58184722,1,-82,20
16:9:44.882,58184882,1,-82,17
16:9:45.002,58185002,1,-89,13
16:9:45.222,58185222,1,-86,15
16:9:45.401,58185401,1,-82,18
16:9:45.721,58185721,1,-84,17
16:9:45.881,58185881,1,-82,17
16:9:46.041,58186041,1,-87,13
16:9:46.222,58186222,1,-85,15
16:9:46.521,58186521,1,-83,16
16:9:46.682,58186682,1,-81,19
16:9:46.842,58186842,1,-84,15
16:9:47.002,58187002,1,-83,16
16:9:47.222,58187222,1,-83,17
16:9:47.561,58187561,1,-82,16
16:9:47.721,58187721,1,-82,16
16:9:47.882,58187882,1,-81,15
16:9:48.042,58188042,1,-83,15
16:9:48.222,58188222,1,-87,13
16:9:48.401,58188401,1,-83,15
16:9:48.722,58188722,1,-81,16
16:9:48.882,58188882,1,-82,14
16:9:49.001,58189001,1,-81,13
16:9:49.202,58189202,1,-84,13
16:9:49.441,58189441,1,-81,14
16:9:49.602,58189602,1,-80,17
16:9:49.802,58189802,1,-81,17
16:9:50.081,58190081,1,-82,13
16:9:50.222,58190222,1,-81,14
16:9:50.401,58190401,1,-79,15
16:9:50.722,58190722,1,-81,15
16:9:50.884,58190884,1,-82,15
16:9:51.003,58191003,1,-83,12
16:9:51.222,58191222,1,-81,15
16:9:51.402,58191402,1,-82,15
16:9:51.723,58191723,1,-84,14
16:9:51.883,58191883,1,-84,15
16:9:52.113,58192113,1,-86,13
16:9:52.223,58192223,1,-84,13
16:9:52.403,58192403,1,-86,15
16:9:52.723,58192723,1,-83,16
16:9:52.883,58192883,1,-84,16
16:9:53.113,58193113,1,-85,15
16:9:53.223,58193223,1,-83,15
16:9:53.482,58193482,1,-83,13
16:9:53.643,58193643,1,-85,16
16:9:53.803,58193803,1,-81,17
16:9:54.043,58194043,1,-81,15
16:9:54.202,58194202,1,-81,15
16:9:54.403,58194403,1,-84,13
16:9:54.762,58194762,1,-82,14
16:9:54.842,58194842,1,-83,13
16:9:55.078,58195078,1,-81,16
16:9:55.202,58195202,1,-80,17
16:9:55.402,58195402,1,-82,17
16:9:55.603,58195603,1,-82,13
16:9:55.843,58195843,1,-82,14
16:9:56.003,58196003,1,-88,9
16:9:56.202,58196202,1,-89,12
16:9:56.443,58196443,1,-84,14
16:9:56.603,58196603,1,-90,11
16:9:56.802,58196802,1,-91,12
16:9:57.002,58197002,1,-84,9
16:9:57.203,58197203,1,-84,12
16:9:57.402,58197402,1,-82,13
16:9:57.603,58197603,1,-85,14
16:9:57.842,58197842,1,-86,13
16:9:58.003,58198003,1,-83,15
16:9:58.223,58198223,1,-84,18
16:9:58.482,58198482,1,-84,14
16:9:58.603,58198603,1,-86,12
16:9:58.802,58198802,1,-90,11
16:9:59.082,58199082,1,-85,13
16:9:59.223,58199223,1,-90,12
16:9:59.403,58199403,1,-84,12
16:9:59.642,58199642,1,-89,15
16:9:59.802,58199802,1,-88,12
16:10:0.042,58200042,1,-83,13
16:10:0.203,58200203,1,-83,13
16:10:0.402,58200402,1,-87,12
16:10:0.642,58200642,1,-88,11
16:10:0.802,58200802,1,-82,13
16:10:1.002,58201002,1,-87,15
16:10:1.223,58201223,1,-90,11
16:10:1.442,58201442,1,-87,13
16:10:1.603,58201603,1,-83,11
16:10:1.842,58201842,1,-88,11
16:10:2.042,58202042,1,-87,11
16:10:2.204,58202204,1,-85,12
16:10:2.402,58202402,1,-83,19
16:10:2.642,58202642,1,-84,14
16:10:2.802,58202802,1,-80,15
16:10:3.003,58203003,1,-77,17
16:10:3.204,58203204,1,-85,15
16:10:3.402,58203402,1,-83,15
16:10:3.606,58203606,1,-81,16
16:10:3.834,58203834,1,-86,15
16:10:4.002,58204002,1,-78,17
16:10:4.223,58204223,1,-79,17
16:10:4.402,58204402,1,-86,12
16:10:4.602,58204602,1,-84,16
16:10:4.802,58204802,1,-83,16
16:10:4.988,58204988,1,-84,13
16:10:5.203,58205203,1,-81,11
16:10:5.402,58205402,1,-89,8
16:10:5.642,58205642,1,-84,10
16:10:5.842,58205842,1,-83,13
16:10:6.002,58206002,1,-89,11
16:10:6.203,58206203,1,-85,13
16:10:6.403,58206403,1,-82,15
16:10:6.602,58206602,1,-88,11
16:10:6.802,58206802,1,-79,16
16:10:7.042,58207042,1,-82,14
16:10:7.223,58207223,1,-79,13
16:10:7.438,58207438,1,-81,14
16:10:7.642,58207642,1,-80,15
16:10:7.802,58207802,1,-80,14
16:10:8.002,58208002,1,-79,17
16:10:8.223,58208223,1,-84,11
16:10:8.403,58208403,1,-80,16
16:10:8.642,58208642,1,-78,16
16:10:8.805,58208805,1,-79,16
16:10:9.003,58209003,1,-80,14
16:10:9.205,58209205,1,-81,15
16:10:9.403,58209403,1,-81,16
16:10:9.642,58209642,1,-80,15
16:10:9.843,58209843,1,-78,15
16:10:10.003,58210003,1,-82,16
16:10:10.223,58210223,1,-78,15
16:10:10.444,58210444,1,-83,16
16:10:10.602,58210602,1,-78,15
16:10:10.803,58210803,1,-79,16
16:10:11.003,58211003,1,-81,16
16:10:11.223,58211223,1,-79,15
16:10:11.444,58211444,1,-81,15
16:10:11.683,58211683,1,-86,13
16:10:11.843,58211843,1,-81,16
16:10:12.002,58212002,1,-83,15
16:10:12.223,58212223,1,-84,14
16:10:12.403,58212403,1,-82,15
16:10:12.603,58212603,1,-87,12
16:10:12.803,58212803,1,-82,13
16:10:13.043,58213043,1,-81,14
16:10:13.223,58213223,1,-83,13
16:10:13.405,58213405,1,-82,15
16:10:13.643,58213643,1,-83,14
16:10:13.883,58213883,1,-82,14
16:10:14.043,58214043,1,-80,17
16:10:14.202,58214202,1,-82,15
16:10:14.403,58214403,1,-83,14
16:10:14.603,58214603,1,-82,14
16:10:14.842,58214842,1,-83,14
16:10:15.043,58215043,1,-82,15
16:10:15.224,58215224,1,-82,15
16:10:15.403,58215403,1,-85,13
16:10:15.643,58215643,1,-84,14
16:10:15.829,58215829,1,-84,14
16:10:16.042,58216042,1,-86,13
16:10:16.223,58216223,1,-85,14
16:10:16.402,58216402,1,-85,17
16:10:16.605,58216605,1,-85,15
16:10:16.842,58216842,1,-89,13
16:10:17.003,58217003,1,-87,12
16:10:17.224,58217224,1,-82,13
16:10:17.403,58217403,1,-86,13
16:10:17.604,58217604,1,-82,14
16:10:17.802,58217802,1,-84,15
16:10:18.002,58218002,1,-85,13
16:10:18.203,58218203,1,-85,13
16:10:18.404,58218404,1,-86,11
16:10:18.602,58218602,1,-90,10
16:10:18.803,58218803,1,-90,11
16:10:19.003,58219003,1,-87,9
16:10:19.203,58219203,1,-91,11
16:10:19.442,58219442,1,-88,11
16:10:19.604,58219604,1,-89,8
16:10:19.922,58219922,1,-89,8
16:10:19.979,58219979,1,-90,12
16:10:20.203,58220203,1,-88,10
16:10:20.403,58220403,1,-88,12
16:10:20.603,58220603,1,-87,12
16:10:20.802,58220802,1,-87,11
16:10:21.002,58221002,1,-87,11
16:10:21.223,58221223,1,-89,13
16:10:21.445,58221445,1,-86,10
16:10:21.602,58221602,1,-87,12
16:10:21.842,58221842,1,-87,11
16:10:22.043,58222043,1,-86,12
16:10:22.203,58222203,1,-87,12
16:10:22.442,58222442,1,-86,13
16:10:22.602,58222602,1,-86,13
16:10:22.842,58222842,1,-87,15
16:10:23.069,58223069,1,-88,13
16:10:23.223,58223223,1,-88,15
16:10:23.444,58223444,1,-87,15
16:10:23.602,58223602,1,-87,15
16:10:23.802,58223802,1,-88,15
16:10:24.002,58224002,1,-87,16
16:10:24.223,58224223,1,-88,15
16:10:24.402,58224402,1,-87,16
16:10:24.643,58224643,1,-86,17
16:10:24.802,58224802,1,-88,16
16:10:25.002,58225002,1,-89,20
16:10:25.202,58225202,1,-90,15
16:10:25.402,58225402,1,-88,17
16:10:25.682,58225682,1,-89,14
16:10:25.844,58225844,1,-89,14
16:10:26.003,58226003,1,-89,15
16:10:26.206,58226206,1,-89,14
16:10:26.443,58226443,1,-90,16
16:10:26.604,58226604,1,-91,14
16:10:26.804,58226804,1,-89,12
16:10:27.003,58227003,1,-90,12
16:10:27.224,58227224,1,-88,13
16:10:27.403,58227403,1,-91,12
16:10:27.604,58227604,1,-89,11
16:10:27.843,58227843,1,-90,11
16:10:28.004,58228004,1,-90,10
16:10:28.203,58228203,1,-88,10
16:10:28.443,58228443,1,-89,10
16:10:28.683,58228683,1,-88,11
16:10:28.803,58228803,1,-90,10
16:10:29.003,58229003,1,-91,8
16:10:29.224,58229224,1,-90,9
16:10:29.444,58229444,1,-90,7
16:10:29.643,58229643,1,-92,8
16:10:29.804,58229804,1,-88,11
16:10:30.004,58230004,1,-90,9
16:10:30.224,58230224,1,-92,8
16:10:30.403,58230403,1,-91,6
16:10:30.643,58230643,1,-92,7
16:10:30.804,58230804,1,-91,9
16:10:31.003,58231003,1,-92,6
16:10:31.224,58231224,1,-91,7
16:10:31.443,58231443,1,-93,6
16:10:31.604,58231604,1,-92,7
16:10:31.843,58231843,1,-91,9
16:10:32.004,58232004,1,-90,9
16:10:32.199,58232199,1,-93,7
16:10:32.403,58232403,1,-90,11
16:10:32.603,58232603,1,-91,7
16:10:32.805,58232805,1,-90,5
16:10:33.043,58233043,1,-90,3
16:10:33.205,58233205,1,-86,9
16:10:33.389,58233389,1,-90,2
16:10:33.603,58233603,1,-92,3
16:10:33.844,58233844,1,-91,5
16:10:34.043,58234043,1,-92,6
16:10:34.203,58234203,1,-94,8
16:10:34.403,58234403,1,-94,9
16:10:34.603,58234603,1,-92,12
16:10:34.843,58234843,1,-92,12
16:10:35.004,58235004,1,-91,12
16:10:35.203,58235203,1,-93,12
16:10:35.444,58235444,1,-94,8
16:10:35.643,58235643,1,-95,7
16:10:35.843,58235843,1,-94,7
16:10:36.043,58236043,1,-92,9
16:10:36.203,58236203,1,-93,4
16:10:36.419,58236419,1,-95,1
16:10:36.603,58236603,1,-95,2
16:10:36.803,58236803,1,-95,4
16:10:37.004,58237004,1,-93,6
16:10:37.219,58237219,1,-96,5
16:10:37.403,58237403,1,-94,3
16:10:37.603,58237603,1,-92,7
16:10:37.843,58237843,1,-94,3
16:10:38.043,58238043,1,-95,0
16:10:38.203,58238203,1,-94,3
16:10:38.403,58238403,1,-92,6
16:10:38.643,58238643,1,-94,6
16:10:38.804,58238804,1,-94,9
16:10:39.003,58239003,1,-92,11
16:10:39.204,58239204,1,-92,8
16:10:39.403,58239403,1,-92,13
16:10:39.605,58239605,1,-93,10
16:10:39.845,58239845,1,-91,11
16:10:40.003,58240003,1,-95,10
16:10:40.224,58240224,1,-94,8
16:10:40.443,58240443,1,-92,9
16:10:40.643,58240643,1,-91,11
16:10:40.843,58240843,1,-93,8
16:10:41.004,58241004,1,-92,9
16:10:41.204,58241204,1,-93,10
16:10:41.403,58241403,1,-92,11
16:10:41.603,58241603,1,-92,10
16:10:41.826,58241826,1,-95,10
16:10:42.003,58242003,1,-94,9
16:10:42.204,58242204,1,-94,11
16:10:42.443,58242443,1,-95,9
16:10:42.723,58242723,1,-94,11
16:10:42.883,58242883,1,-94,9
16:10:43.004,58243004,1,-93,10
16:10:43.205,58243205,1,-92,11
16:10:43.404,58243404,1,-91,12
16:10:43.604,58243604,1,-92,11
16:10:43.805,58243805,1,-91,12
16:10:44.004,58244004,1,-91,10
16:10:44.205,58244205,1,-90,11
16:10:44.404,58244404,1,-91,11
16:10:44.644,58244644,1,-94,11
16:10:44.804,58244804,1,-93,9
16:10:45.004,58245004,1,-90,10
16:10:45.225,58245225,1,-91,8
16:10:45.404,58245404,1,-93,8
16:10:45.604,58245604,1,-93,9
16:10:45.805,58245805,1,-93,10
16:10:46.004,58246004,1,-94,6
16:10:46.204,58246204,1,-94,6
16:10:46.404,58246404,1,-92,6
16:10:46.620,58246620,1,-93,5
16:10:46.804,58246804,1,-95,8
16:10:47.005,58247005,1,-94,9
16:10:47.225,58247225,1,-93,10
16:10:47.404,58247404,1,-94,8
16:10:47.645,58247645,1,-96,5
16:10:47.844,58247844,1,-93,6
16:10:48.085,58248085,1,-91,8
16:10:48.225,58248225,1,-91,10
16:10:48.484,58248484,1,-93,10
16:10:48.644,58248644,1,-94,7
16:10:48.844,58248844,1,-93,5
16:10:49.044,58249044,1,-92,10
16:10:49.204,58249204,1,-93,8
16:10:49.445,58249445,1,-93,8
16:10:49.604,58249604,1,-91,4
16:10:49.845,58249845,1,-95,3
16:10:50.045,58250045,1,-94,7
16:10:50.204,58250204,1,-92,9
16:10:50.404,58250404,1,-92,9
16:10:50.684,58250684,1,-94,6
16:10:50.844,58250844,1,-93,7
16:10:51.084,58251084,1,-93,7
16:10:51.225,58251225,1,-93,5
16:10:51.404,58251404,1,-93,8
16:10:51.644,58251644,1,-93,7
16:10:51.844,58251844,1,-94,9
16:10:52.004,58252004,1,-94,4
16:10:52.225,58252225,1,-95,3
16:10:52.444,58252444,1,-92,6
16:10:52.644,58252644,1,-94,4
16:10:52.805,58252805,1,-93,9
16:10:53.004,58253004,1,-93,6
16:10:53.205,58253205,1,-96,6
16:10:53.404,58253404,1,-94,4
16:10:53.604,58253604,1,-93,7
16:10:53.844,58253844,1,-94,5
16:10:54.044,58254044,1,-91,10
16:10:54.225,58254225,1,-95,5
16:10:54.404,58254404,1,-95,5
16:10:54.604,58254604,1,-93,11
16:10:54.804,58254804,1,-92,9
16:10:55.004,58255004,1,-94,5
16:10:55.225,58255225,1,-94,6
16:10:55.444,58255444,1,-95,5
16:10:55.724,58255724,1,-92,6
16:10:55.804,58255804,1,-92,6
16:10:56.004,58256004,1,-95,10
16:10:56.204,58256204,1,-94,6
16:10:56.404,58256404,1,-91,10
16:10:56.605,58256605,1,-92,8
16:10:56.844,58256844,1,-94,8
16:10:57.044,58257044,1,-95,7
16:10:57.204,58257204,1,-92,9
16:10:57.444,58257444,1,-95,8
16:10:57.604,58257604,1,-92,7
16:10:57.804,58257804,1,-94,6
16:10:58.004,58258004,1,-96,4
16:10:58.225,58258225,1,-95,6
16:10:58.404,58258404,1,-94,6
16:10:58.604,58258604,1,-95,5
16:10:58.843,58258843,1,-92,9
16:10:59.004,58259004,1,-93,7
16:10:59.203,58259203,1,-94,6
16:10:59.444,58259444,1,-93,9
16:10:59.724,58259724,1,-91,9
16:10:59.844,58259844,1,-93,6
16:11:0.004,58260004,1,-95,7
16:11:0.225,58260225,1,-94,6
16:11:0.404,58260404,1,-94,6
16:11:0.606,58260606,1,-92,6
16:11:0.844,58260844,1,-96,4
16:11:1.005,58261005,1,-96,5
16:11:1.226,58261226,1,-96,7
16:11:1.404,58261404,1,-94,7
16:11:1.644,58261644,1,-93,8
16:11:1.805,58261805,1,-92,7
16:11:2.005,58262005,1,-91,8
16:11:2.204,58262204,1,-93,6
16:11:2.405,58262405,1,-92,8
16:11:2.605,58262605,1,-91,8
16:11:2.805,58262805,1,-92,6
16:11:3.005,58263005,1,-90,9
16:11:3.226,58263226,1,-90,9
16:11:3.405,58263405,1,-91,9
16:11:3.605,58263605,1,-89,9
16:11:3.805,58263805,1,-86,11
16:11:4.004,58264004,1,-86,12
16:11:4.205,58264205,1,-88,9
16:11:4.405,58264405,1,-85,10
16:11:4.605,58264605,1,-83,12
16:11:4.805,58264805,1,-86,10
16:11:5.005,58265005,1,-86,9
16:11:5.205,58265205,1,-86,11
16:11:5.381,58265381,1,-84,13
16:11:5.605,58265605,1,-84,14
16:11:5.845,58265845,1,-84,12
16:11:6.005,58266005,1,-83,12
16:11:6.205,58266205,1,-84,12
16:11:6.405,58266405,1,-84,11
16:11:6.645,58266645,1,-85,12
16:11:6.805,58266805,1,-85,12
16:11:7.005,58267005,1,-84,12
16:11:7.207,58267207,1,-84,13
16:11:7.445,58267445,1,-84,13
16:11:7.641,58267641,1,-84,13
16:11:7.845,58267845,1,-84,13
16:11:8.005,58268005,1,-84,14
16:11:8.205,58268205,1,-84,15
16:11:8.405,58268405,1,-83,15
16:11:8.604,58268604,1,-82,14
16:11:8.845,58268845,1,-82,15
16:11:9.005,58269005,1,-82,15
16:11:9.205,58269205,1,-84,14
16:11:9.444,58269444,1,-83,15
16:11:9.605,58269605,1,-84,15
16:11:9.804,58269804,1,-84,13
16:11:10.004,58270004,1,-88,13
16:11:10.226,58270226,1,-88,13
16:11:10.445,58270445,1,-85,16
16:11:10.644,58270644,1,-88,13
16:11:10.844,58270844,1,-87,14
16:11:11.044,58271044,1,-86,13
16:11:11.204,58271204,1,-87,14
16:11:11.444,58271444,1,-87,12
16:11:11.605,58271605,1,-89,13
16:11:11.805,58271805,1,-88,11
16:11:12.004,58272004,1,-85,13
16:11:12.205,58272205,1,-88,12
16:11:12.405,58272405,1,-90,12
16:11:12.604,58272604,1,-86,12
16:11:12.777,58272777,1,-86,13
16:11:13.005,58273005,1,-85,11
16:11:13.226,58273226,1,-88,13
16:11:13.444,58273444,1,-89,10
16:11:13.604,58273604,1,-88,9
16:11:13.804,58273804,1,-90,9
16:11:14.044,58274044,1,-84,12
16:11:14.226,58274226,1,-87,10
16:11:14.445,58274445,1,-86,11
16:11:14.645,58274645,1,-88,11
16:11:14.844,58274844,1,-87,15
16:11:15.004,58275004,1,-87,13
16:11:15.226,58275226,1,-88,12
16:11:15.404,58275404,1,-87,12
16:11:15.604,58275604,1,-85,13
16:11:15.804,58275804,1,-86,12
16:11:16.044,58276044,1,-86,13
16:11:16.226,58276226,1,-81,13
16:11:16.412,58276412,1,-82,15
16:11:16.644,58276644,1,-85,12
16:11:16.804,58276804,1,-84,13
16:11:17.005,58277005,1,-82,13
16:11:17.204,58277204,1,-89,11
16:11:17.404,58277404,1,-90,11
16:11:17.604,58277604,1,-90,16
16:11:17.844,58277844,1,-88,12
16:11:18.045,58278045,1,-84,14
16:11:18.205,58278205,1,-83,12
16:11:18.378,58278378,1,-86,12
16:11:18.606,58278606,1,-83,13
16:11:18.845,58278845,1,-83,17
16:11:19.086,58279086,1,-83,13
16:11:19.206,58279206,1,-85,13
16:11:19.405,58279405,1,-85,13
16:11:19.646,58279646,1,-84,15
16:11:19.805,58279805,1,-82,10
16:11:20.006,58280006,1,-85,12
16:11:20.226,58280226,1,-87,12
16:11:20.405,58280405,1,-87,9
16:11:20.605,58280605,1,-87,8
16:11:20.845,58280845,1,-89,8
16:11:21.005,58281005,1,-90,9
16:11:21.205,58281205,1,-89,9
16:11:21.406,58281406,1,-92,14
16:11:21.646,58281646,1,-91,8
16:11:21.805,58281805,1,-92,8
16:11:22.005,58282005,1,-87,10
16:11:22.226,58282226,1,-86,10
16:11:22.445,58282445,1,-88,10
16:11:22.646,58282646,1,-90,9
16:11:22.926,58282926,1,-91,11
16:11:23.005,58283005,1,-90,6
16:11:23.205,58283205,1,-89,10
16:11:23.405,58283405,1,-87,10
16:11:23.606,58283606,1,-84,14
16:11:23.806,58283806,1,-82,12
16:11:24.005,58284005,1,-86,10
16:11:24.226,58284226,1,-87,18
16:11:24.486,58284486,1,-85,12
16:11:24.606,58284606,1,-88,12
16:11:24.885,58284885,1,-90,10
16:11:25.006,58285006,1,-87,10
16:11:25.205,58285205,1,-90,9
16:11:25.406,58285406,1,-88,9
16:11:25.605,58285605,1,-88,11
16:11:25.805,58285805,1,-89,11
16:11:26.005,58286005,1,-88,12
16:11:26.226,58286226,1,-92,11
16:11:26.406,58286406,1,-89,12
16:11:26.646,58286646,1,-87,12
16:11:26.805,58286805,1,-87,12
16:11:26.992,58286992,1,-85,18
16:11:27.205,58287205,1,-84,13
16:11:27.445,58287445,1,-85,13
16:11:27.645,58287645,1,-85,13
16:11:27.806,58287806,1,-84,13
16:11:28.045,58288045,1,-86,12
16:11:28.206,58288206,1,-86,11
16:11:28.406,58288406,1,-86,10
16:11:28.605,58288605,1,-85,11
16:11:28.805,58288805,1,-86,11
16:11:29.006,58289006,1,-86,11
16:11:29.205,58289205,1,-87,12
16:11:29.405,58289405,1,-84,12
16:11:29.605,58289605,1,-87,10
16:11:29.845,58289845,1,-84,12
16:11:30.006,58290006,1,-84,15
16:11:30.226,58290226,1,-85,11
16:11:30.448,58290448,1,-85,12
16:11:30.605,58290605,1,-86,11
16:11:30.805,58290805,1,-85,13
16:11:31.005,58291005,1,-87,12
16:11:31.205,58291205,1,-84,12
16:11:31.445,58291445,1,-83,12
16:11:31.605,58291605,1,-85,12
16:11:31.846,58291846,1,-83,13
16:11:32.005,58292005,1,-84,13
16:11:32.226,58292226,1,-86,9
16:11:32.381,58292381,1,-86,11
16:11:32.605,58292605,1,-83,13
16:11:32.805,58292805,1,-85,10
16:11:33.005,58293005,1,-88,11
16:11:33.205,58293205,1,-87,10
16:11:33.405,58293405,1,-83,12
16:11:33.605,58293605,1,-85,10
16:11:33.805,58293805,1,-84,12
16:11:34.005,58294005,1,-85,11
16:11:34.226,58294226,1,-84,13
16:11:34.417,58294417,1,-84,14
16:11:34.645,58294645,1,-85,13
16:11:34.805,58294805,1,-85,12
16:11:35.086,58295086,1,-86,10
16:11:35.226,58295226,1,-85,11
16:11:35.405,58295405,1,-87,12
16:11:35.605,58295605,1,-89,11
16:11:35.807,58295807,1,-90,10
16:11:36.006,58296006,1,-90,9
16:11:36.228,58296228,1,-89,10
16:11:36.446,58296446,1,-88,11
16:11:36.646,58296646,1,-87,9
16:11:36.846,58296846,1,-88,8
16:11:37.046,58297046,1,-87,9
16:11:37.227,58297227,1,-90,10
16:11:37.406,58297406,1,-89,9
16:11:37.598,58297598,1,-89,8
16:11:37.806,58297806,1,-91,10
16:11:38.006,58298006,1,-86,10
16:11:38.227,58298227,1,-88,8
16:11:38.406,58298406,1,-86,13
16:11:38.606,58298606,1,-88,13
16:11:38.846,58298846,1,-88,11
16:11:39.007,58299007,1,-86,11
16:11:39.206,58299206,1,-86,11
16:11:39.406,58299406,1,-86,10
16:11:39.606,58299606,1,-89,10
16:11:39.806,58299806,1,-88,10
16:11:40.006,58300006,1,-87,9
16:11:40.206,58300206,1,-86,11
16:11:40.406,58300406,1,-86,11
16:11:40.606,58300606,1,-89,14
16:11:40.782,58300782,1,-90,11
16:11:41.007,58301007,1,-85,13
16:11:41.227,58301227,1,-84,11
16:11:41.486,58301486,1,-87,10
16:11:41.578,58301578,1,-87,9
16:11:41.806,58301806,1,-88,11
16:11:42.046,58302046,1,-89,8
16:11:42.227,58302227,1,-87,11
16:11:42.432,58302432,1,-89,10
16:11:42.686,58302686,1,-86,9
16:11:42.842,58302842,1,-86,11
16:11:43.046,58303046,1,-90,10
16:11:43.206,58303206,1,-91,7
16:11:43.445,58303445,1,-88,14
16:11:43.606,58303606,1,-89,10
16:11:43.806,58303806,1,-87,10
16:11:44.047,58304047,1,-89,8
16:11:44.206,58304206,1,-88,8
16:11:44.446,58304446,1,-89,9
16:11:44.606,58304606,1,-87,11
16:11:44.806,58304806,1,-87,10
16:11:45.006,58305006,1,-89,11
16:11:45.206,58305206,1,-92,8
16:11:45.406,58305406,1,-90,9
16:11:45.646,58305646,1,-89,9
16:11:45.806,58305806,1,-88,10
16:11:46.006,58306006,1,-89,9
16:11:46.206,58306206,1,-88,10
16:11:46.406,58306406,1,-88,11
16:11:46.606,58306606,1,-88,12
16:11:46.803,58306803,1,-88,9
16:11:47.006,58307006,1,-87,16
16:11:47.206,58307206,1,-87,11
16:11:47.406,58307406,1,-86,10
16:11:47.606,58307606,1,-86,9
16:11:47.806,58307806,1,-90,10
16:11:48.006,58308006,1,-88,8
16:11:48.206,58308206,1,-89,14
16:11:48.405,58308405,1,-89,8
16:11:48.606,58308606,1,-88,9
16:11:48.805,58308805,1,-91,9
16:11:49.006,58309006,1,-91,9
16:11:49.206,58309206,1,-90,8
16:11:50.117,58310117,1,-89,8
16:11:50.392,58310392,1,-88,8
16:11:50.551,58310551,1,-90,7
16:11:50.711,58310711,1,-88,9
16:11:50.912,58310912,1,-87,9
16:11:51.113,58311113,1,-92,8
16:11:51.273,58311273,1,-89,7
16:11:51.551,58311551,1,-90,7
16:11:51.672,58311672,1,-88,7
16:11:51.912,58311912,1,-90,7
16:11:52.073,58312073,1,-90,7
16:11:52.271,58312271,1,-93,6
16:11:52.513,58312513,1,-92,8
16:11:52.711,58312711,1,-92,7
16:11:52.913,58312913,1,-93,11
16:11:53.119,58313119,1,-89,9
16:11:53.273,58313273,1,-88,10
16:11:53.512,58313512,1,-91,6
16:11:53.672,58313672,1,-91,9
16:11:53.874,58313874,1,-90,9
16:11:54.100,58314100,1,-90,11
16:11:54.273,58314273,1,-89,8
16:11:54.474,58314474,1,-91,6
16:11:54.673,58314673,1,-90,6
16:11:54.874,58314874,1,-89,8
16:11:55.072,58315072,1,-90,6
16:11:55.274,58315274,1,-89,11
16:11:55.472,58315472,1,-88,8
16:11:55.673,58315673,1,-88,7
16:11:55.954,58315954,1,-90,8
16:11:56.072,58316072,1,-89,9
16:11:56.273,58316273,1,-90,8
16:11:56.472,58316472,1,-90,10
16:11:56.712,58316712,1,-86,11
16:11:56.869,58316869,1,-89,10
16:11:57.073,58317073,1,-89,10
16:11:57.272,58317272,1,-91,8
16:11:57.473,58317473,1,-90,9
16:11:57.712,58317712,1,-89,9
16:11:57.948,58317948,1,-86,11
16:11:58.072,58318072,1,-89,11
16:11:58.269,58318269,1,-89,11
16:11:58.473,58318473,1,-91,9
16:11:58.712,58318712,1,-89,10
16:11:58.873,58318873,1,-90,12
16:11:59.072,58319072,1,-89,11
16:11:59.274,58319274,1,-84,15
16:11:59.472,58319472,1,-88,10
16:11:59.672,58319672,1,-88,12
16:11:59.873,58319873,1,-88,11
16:12:0.074,58320074,1,-85,14
16:12:0.272,58320272,1,-85,11
16:12:0.474,58320474,1,-85,12
16:12:0.672,58320672,1,-82,14
16:12:0.872,58320872,1,-80,14
16:12:1.073,58321073,1,-84,12
16:12:1.272,58321272,1,-87,15
16:12:1.472,58321472,1,-89,8
16:12:1.672,58321672,1,-90,8
16:12:1.872,58321872,1,-89,8
16:12:2.112,58322112,1,-90,7
16:12:2.272,58322272,1,-89,7
16:12:2.474,58322474,1,-89,8
16:12:2.673,58322673,1,-88,13
16:12:2.874,58322874,1,-88,10
16:12:3.073,58323073,1,-88,9
16:12:3.273,58323273,1,-87,9
16:12:3.472,58323472,1,-89,8
16:12:3.672,58323672,1,-88,8
16:12:3.873,58323873,1,-87,10
16:12:4.073,58324073,1,-88,12
16:12:4.272,58324272,1,-87,10
16:12:4.473,58324473,1,-87,10
16:12:4.672,58324672,1,-85,12
16:12:4.874,58324874,1,-88,10
16:12:5.072,58325072,1,-87,9
16:12:5.274,58325274,1,-86,12
16:12:5.474,58325474,1,-85,14
16:12:5.672,58325672,1,-83,13
16:12:5.872,58325872,1,-82,13
16:12:6.072,58326072,1,-87,11
16:12:6.273,58326273,1,-83,14
16:12:6.472,58326472,1,-84,13
16:12:6.674,58326674,1,-86,13
16:12:6.874,58326874,1,-86,14
16:12:7.059,58327059,1,-88,13
16:12:7.272,58327272,1,-84,15
16:12:7.513,58327513,1,-87,11
16:12:7.713,58327713,1,-87,11
16:12:7.872,58327872,1,-89,11
16:12:8.072,58328072,1,-89,9
16:12:8.272,58328272,1,-88,13
16:12:8.552,58328552,1,-88,13
16:12:8.712,58328712,1,-89,11
16:12:8.872,58328872,1,-89,13
16:12:9.112,58329112,1,-87,12
16:12:9.272,58329272,1,-87,11
16:12:9.472,58329472,1,-88,11
16:12:9.712,58329712,1,-89,11
16:12:9.913,58329913,1,-84,14
16:12:10.113,58330113,1,-85,12
16:12:10.312,58330312,1,-85,13
16:12:10.512,58330512,1,-87,14
16:12:10.713,58330713,1,-89,13
16:12:10.913,58330913,1,-87,11
16:12:11.064,58331064,1,-87,9
16:12:11.313,58331313,1,-85,13
16:12:11.473,58331473,1,-89,10
16:12:11.714,58331714,1,-88,11
16:12:11.873,58331873,1,-88,12
16:12:12.073,58332073,1,-87,11
16:12:12.274,58332274,1,-87,11
16:12:12.473,58332473,1,-88,12
16:12:12.674,58332674,1,-86,12
16:12:12.874,58332874,1,-88,10
16:12:13.074,58333074,1,-90,11
16:12:13.273,58333273,1,-88,11
16:12:13.473,58333473,1,-87,10
16:12:13.673,58333673,1,-88,11
16:12:13.873,58333873,1,-91,10
16:12:14.113,58334113,1,-88,9
16:12:14.313,58334313,1,-89,11
16:12:14.513,58334513,1,-88,11
16:12:14.673,58334673,1,-89,9
16:12:14.915,58334915,1,-89,8
16:12:15.119,58335119,1,-91,8
16:12:15.273,58335273,1,-90,10
16:12:15.514,58335514,1,-89,10
16:12:15.715,58335715,1,-90,8
16:12:15.910,58335910,1,-92,6
16:12:16.073,58336073,1,-89,8
16:12:16.313,58336313,1,-91,6
16:12:16.513,58336513,1,-89,8
16:12:16.673,58336673,1,-89,10
16:12:16.914,58336914,1,-89,9
16:12:17.073,58337073,1,-90,9
16:12:17.273,58337273,1,-91,8
16:12:17.513,58337513,1,-90,8
16:12:17.673,58337673,1,-88,10
16:12:17.913,58337913,1,-89,8
16:12:18.075,58338075,1,-88,8
16:12:18.274,58338274,1,-91,6
16:12:18.473,58338473,1,-89,9
16:12:18.713,58338713,1,-89,9
16:12:18.873,58338873,1,-90,8
16:12:19.074,58339074,1,-89,9
16:12:19.273,58339273,1,-90,9
16:12:19.513,58339513,1,-90,9
16:12:19.673,58339673,1,-89,9
16:12:19.873,58339873,1,-88,8
16:12:20.073,58340073,1,-88,8
16:12:20.313,58340313,1,-88,8
16:12:20.474,58340474,1,-91,8
16:12:20.673,58340673,1,-89,7
16:12:20.873,58340873,1,-88,9
16:12:21.119,58341119,1,-90,8
16:12:21.354,58341354,1,-88,9
16:12:21.474,58341474,1,-87,11
16:12:21.714,58341714,1,-88,9
16:12:21.874,58341874,1,-87,10
16:12:22.073,58342073,1,-88,9
16:12:22.313,58342313,1,-90,8
16:12:22.473,58342473,1,-89,8
16:12:22.673,58342673,1,-88,10
16:12:22.873,58342873,1,-88,8
16:12:23.073,58343073,1,-88,10
16:12:23.274,58343274,1,-89,15
16:12:23.484,58343484,1,-88,9
16:12:23.713,58343713,1,-87,9
16:12:23.913,58343913,1,-89,9
16:12:24.113,58344113,1,-86,9
16:12:24.274,58344274,1,-88,9
16:12:24.513,58344513,1,-89,14
16:12:24.673,58344673,1,-88,8
16:12:24.874,58344874,1,-88,8
16:12:25.073,58345073,1,-89,10
16:12:25.273,58345273,1,-86,9
16:12:25.473,58345473,1,-89,10
16:12:25.713,58345713,1,-88,11
16:12:25.913,58345913,1,-89,9
16:12:26.074,58346074,1,-90,9
16:12:26.275,58346275,1,-89,8
16:12:26.473,58346473,1,-89,8
16:12:26.674,58346674,1,-86,9
16:12:26.913,58346913,1,-87,17
16:12:27.073,58347073,1,-88,11
16:12:27.273,58347273,1,-86,11
16:12:27.473,58347473,1,-85,9
16:12:27.673,58347673,1,-85,11
16:12:27.873,58347873,1,-86,10
16:12:28.073,58348073,1,-87,11
16:12:28.274,58348274,1,-87,17
16:12:28.475,58348475,1,-87,11
16:12:28.714,58348714,1,-87,10
16:12:28.874,58348874,1,-87,9
16:12:29.074,58349074,1,-86,9
16:12:29.314,58349314,1,-88,11
16:12:29.514,58349514,1,-87,10
16:12:29.675,58349675,1,-86,17
16:12:29.874,58349874,1,-86,9
16:12:30.114,58350114,1,-86,10
16:12:30.312,58350312,1,-85,13
16:12:30.514,58350514,1,-86,13
16:12:30.674,58350674,1,-84,13
16:12:30.874,58350874,1,-84,13
16:12:31.114,58351114,1,-87,15
16:12:31.274,58351274,1,-86,10
16:12:31.474,58351474,1,-85,11
16:12:31.674,58351674,1,-84,13
16:12:31.874,58351874,1,-89,9
16:12:32.074,58352074,1,-89,9
16:12:32.355,58352355,1,-85,13
16:12:32.474,58352474,1,-83,18
16:12:32.673,58352673,1,-85,12
16:12:32.875,58352875,1,-82,14
16:12:33.074,58353074,1,-90,9
16:12:33.273,58353273,1,-85,11
16:12:33.475,58353475,1,-87,10
16:12:33.674,58353674,1,-84,11
16:12:33.875,58353875,1,-84,18
16:12:34.074,58354074,1,-85,13
16:12:34.273,58354273,1,-88,8
16:12:34.461,58354461,1,-86,10
16:12:34.675,58354675,1,-89,8
16:12:34.874,58354874,1,-84,12
16:12:35.075,58355075,1,-85,13
16:12:35.275,58355275,1,-84,14
16:12:35.514,58355514,1,-86,12
16:12:35.675,58355675,1,-87,11
16:12:35.873,58355873,1,-85,14
16:12:36.074,58356074,1,-83,15
16:12:36.315,58356315,1,-82,16
16:12:36.513,58356513,1,-84,13
16:12:36.674,58356674,1,-83,14
16:12:36.994,58356994,1,-88,9
16:12:37.120,58357120,1,-84,14
16:12:37.313,58357313,1,-81,15
16:12:37.513,58357513,1,-83,15
16:12:37.674,58357674,1,-83,11
16:12:37.875,58357875,1,-85,13
16:12:38.074,58358074,1,-86,12
16:12:38.313,58358313,1,-84,15
16:12:38.474,58358474,1,-82,14
16:12:38.674,58358674,1,-84,16
16:12:38.874,58358874,1,-83,13
16:12:39.114,58359114,1,-84,14
16:12:39.314,58359314,1,-85,13
16:12:39.473,58359473,1,-82,14
16:12:39.873,58359873,1,-89,10
16:12:40.074,58360074,1,-87,12
16:12:40.273,58360273,1,-88,9
16:12:40.473,58360473,1,-83,13
16:12:40.673,58360673,1,-84,11
16:12:40.915,58360915,1,-86,12
16:12:41.074,58361074,1,-87,12
16:12:41.313,58361313,1,-87,11
16:12:41.513,58361513,1,-84,15
16:12:41.713,58361713,1,-90,10
16:12:41.874,58361874,1,-90,8
16:12:42.074,58362074,1,-88,12
16:12:42.313,58362313,1,-87,11
16:12:42.513,58362513,1,-89,11
16:12:42.674,58362674,1,-86,13
16:12:42.874,58362874,1,-89,8
16:12:43.113,58363113,1,-87,12
16:12:43.273,58363273,1,-82,15
16:12:43.475,58363475,1,-85,14
16:12:43.673,58363673,1,-86,13
16:12:43.953,58363953,1,-86,11
16:12:44.113,58364113,1,-88,11
16:12:44.273,58364273,1,-90,10
16:12:44.514,58364514,1,-90,12
16:12:44.674,58364674,1,-82,14
16:12:44.874,58364874,1,-86,10
16:12:45.074,58365074,1,-85,12
16:12:45.353,58365353,1,-87,13
16:12:45.473,58365473,1,-85,15
16:12:45.676,58365676,1,-88,11
16:12:45.874,58365874,1,-86,13
16:12:46.074,58366074,1,-85,15
16:12:46.275,58366275,1,-88,12
16:12:46.474,58366474,1,-85,15
16:12:46.675,58366675,1,-84,15
16:12:46.915,58366915,1,-84,15
16:12:47.114,58367114,1,-82,18
16:12:47.274,58367274,1,-81,18
16:12:47.475,58367475,1,-86,11
16:12:47.714,58367714,1,-84,13
16:12:47.874,58367874,1,-82,16
16:12:48.074,58368074,1,-82,18
16:12:48.275,58368275,1,-83,15
16:12:48.474,58368474,1,-82,16
16:12:48.714,58368714,1,-81,16
16:12:48.875,58368875,1,-86,11
16:12:49.075,58369075,1,-88,12
16:12:49.314,58369314,1,-90,9
16:12:49.474,58369474,1,-92,9
16:12:49.715,58369715,1,-89,12
16:12:49.994,58369994,1,-91,6
16:12:50.074,58370074,1,-92,7
16:12:50.314,58370314,1,-91,7
16:12:50.474,58370474,1,-90,8
16:12:50.675,58370675,1,-93,6
16:12:50.874,58370874,1,-87,12
16:12:51.074,58371074,1,-90,10
16:12:51.274,58371274,1,-91,9
16:12:51.475,58371475,1,-90,11
16:12:51.715,58371715,1,-88,11
16:12:51.874,58371874,1,-88,10
16:12:52.074,58372074,1,-90,10
16:12:52.275,58372275,1,-91,11
16:12:52.475,58372475,1,-93,9
16:12:52.674,58372674,1,-92,11
16:12:52.874,58372874,1,-88,12
16:12:53.114,58373114,1,-88,11
16:12:53.275,58373275,1,-91,10
16:12:53.514,58373514,1,-93,7
16:12:53.714,58373714,1,-93,6
16:12:53.914,58373914,1,-89,10
16:12:54.115,58374115,1,-92,7
16:12:54.275,58374275,1,-88,10
16:12:54.474,58374474,1,-86,12
16:12:54.674,58374674,1,-87,11
16:12:54.915,58374915,1,-88,11
16:12:55.074,58375074,1,-92,12
16:12:55.274,58375274,1,-91,10
16:12:55.514,58375514,1,-94,7
16:12:55.675,58375675,1,-95,7
16:12:55.875,58375875,1,-91,10
16:12:56.074,58376074,1,-91,10
16:12:56.277,58376277,1,-91,10
16:12:56.514,58376514,1,-87,15
16:12:56.674,58376674,1,-87,12
16:12:56.891,58376891,1,-92,8
16:12:57.075,58377075,1,-91,9
16:12:57.314,58377314,1,-92,7
16:12:57.475,58377475,1,-91,9
16:12:57.675,58377675,1,-91,7
16:12:57.914,58377914,1,-91,11
16:12:58.114,58378114,1,-91,9
16:12:58.275,58378275,1,-89,10
16:12:58.474,58378474,1,-91,9
16:12:58.674,58378674,1,-93,8
16:12:58.874,58378874,1,-88,12
16:12:59.074,58379074,1,-91,8
16:12:59.274,58379274,1,-92,14
16:12:59.475,58379475,1,-91,9
16:12:59.714,58379714,1,-92,10
16:12:59.875,58379875,1,-89,13
16:13:0.115,58380115,1,-90,12
16:13:0.275,58380275,1,-91,11
16:13:0.474,58380474,1,-92,9
16:13:0.675,58380675,1,-92,15
16:13:0.875,58380875,1,-91,9
16:13:1.074,58381074,1,-95,6
16:13:1.276,58381276,1,-93,9
16:13:1.475,58381475,1,-95,9
16:13:1.674,58381674,1,-93,8
16:13:1.874,58381874,1,-91,11
16:13:2.075,58382075,1,-91,12
16:13:2.274,58382274,1,-89,9
16:13:2.474,58382474,1,-87,11
16:13:2.674,58382674,1,-88,11
16:13:2.874,58382874,1,-88,11
16:13:3.115,58383115,1,-94,5
16:13:3.275,58383275,1,-93,6
16:13:3.476,58383476,1,-94,5
16:13:3.676,58383676,1,-93,6
16:13:3.915,58383915,1,-95,4
16:13:4.115,58384115,1,-93,7
16:13:4.275,58384275,1,-92,8
16:13:4.515,58384515,1,-93,7
16:13:4.715,58384715,1,-94,6
16:13:4.916,58384916,1,-93,8
16:13:5.122,58385122,1,-91,9
16:13:5.315,58385315,1,-94,5
16:13:5.475,58385475,1,-94,7
16:13:5.715,58385715,1,-91,10
16:13:5.915,58385915,1,-90,10
16:13:6.076,58386076,1,-93,9
16:13:6.276,58386276,1,-95,4
16:13:6.516,58386516,1,-94,6
16:13:6.675,58386675,1,-95,7
16:13:6.915,58386915,1,-93,8
16:13:7.076,58387076,1,-94,11
16:13:7.275,58387275,1,-93,7
16:13:7.475,58387475,1,-92,11
16:13:7.715,58387715,1,-92,9
16:13:7.915,58387915,1,-96,4
16:13:8.115,58388115,1,-93,8
16:13:8.395,58388395,1,-95,6
16:13:8.475,58388475,1,-93,8
16:13:8.717,58388717,1,-94,8
16:13:8.876,58388876,1,-92,7
16:13:9.076,58389076,1,-96,5
16:13:9.275,58389275,1,-94,7
16:13:9.475,58389475,1,-95,6
16:13:9.675,58389675,1,-96,7
16:13:9.875,58389875,1,-94,9
16:13:10.076,58390076,1,-95,8
16:13:10.275,58390275,1,-94,8
16:13:10.475,58390475,1,-96,7
16:13:10.675,58390675,1,-97,9
16:13:10.915,58390915,1,-95,11
16:13:11.115,58391115,1,-94,10
16:13:11.275,58391275,1,-96,9
16:13:11.475,58391475,1,-96,10
16:13:11.675,58391675,1,-92,12
16:13:11.916,58391916,1,-97,8
16:13:12.121,58392121,1,-93,10
16:13:12.356,58392356,1,-93,10
16:13:12.515,58392515,1,-93,11
16:13:12.716,58392716,1,-89,11
16:13:12.876,58392876,1,-90,13
16:13:13.075,58393075,1,-91,11
16:13:13.275,58393275,1,-91,11
16:13:13.516,58393516,1,-90,13
16:13:13.676,58393676,1,-92,9
16:13:13.875,58393875,1,-93,8
16:13:14.076,58394076,1,-93,9
16:13:14.275,58394275,1,-94,10
16:13:14.555,58394555,1,-90,13
16:13:14.676,58394676,1,-91,13
16:13:14.875,58394875,1,-92,11
16:13:15.115,58395115,1,-94,11
16:13:15.275,58395275,1,-92,12
16:13:15.475,58395475,1,-92,12
16:13:15.716,58395716,1,-92,11
16:13:15.915,58395915,1,-92,10
16:13:16.075,58396075,1,-92,11
16:13:16.355,58396355,1,-91,10
16:13:16.476,58396476,1,-91,10
16:13:16.715,58396715,1,-90,12
16:13:16.915,58396915,1,-89,12
16:13:17.075,58397075,1,-91,12
16:13:17.315,58397315,1,-91,12
16:13:17.475,58397475,1,-92,12
16:13:17.755,58397755,1,-92,12
16:13:17.875,58397875,1,-91,12
16:13:18.075,58398075,1,-92,12
16:13:18.276,58398276,1,-92,11
16:13:18.515,58398515,1,-91,12
16:13:18.715,58398715,1,-91,11
16:13:18.875,58398875,1,-92,12
16:13:19.115,58399115,1,-91,11
16:13:19.315,58399315,1,-91,12
16:13:19.516,58399516,1,-92,10
16:13:19.675,58399675,1,-91,11
16:13:19.875,58399875,1,-91,10
16:13:20.115,58400115,1,-91,11
16:13:20.275,58400275,1,-91,10
16:13:20.475,58400475,1,-90,12
16:13:20.676,58400676,1,-90,13
16:13:20.916,58400916,1,-91,12
16:13:21.076,58401076,1,-91,11
16:13:21.276,58401276,1,-91,11
16:13:21.477,58401477,1,-91,11
16:13:21.676,58401676,1,-91,10
16:13:21.876,58401876,1,-91,11
16:13:22.076,58402076,1,-91,11
16:13:22.316,58402316,1,-91,11
16:13:22.516,58402516,1,-91,11
16:13:22.678,58402678,1,-91,11
16:13:22.877,58402877,1,-91,12
16:13:23.116,58403116,1,-91,12
16:13:23.276,58403276,1,-91,12
16:13:23.476,58403476,1,-91,10
16:13:23.716,58403716,1,-91,12
16:13:23.877,58403877,1,-90,12
16:13:24.076,58404076,1,-91,11
16:13:24.277,58404277,1,-91,11
16:13:24.516,58404516,1,-90,11
16:13:24.676,58404676,1,-90,13
16:13:24.876,58404876,1,-90,12
16:13:25.076,58405076,1,-90,11
16:13:25.277,58405277,1,-90,12
16:13:25.476,58405476,1,-90,11
16:13:25.796,58405796,1,-90,11
16:13:25.916,58405916,1,-90,11
16:13:26.077,58406077,1,-90,13
16:13:26.357,58406357,1,-90,11
16:13:26.516,58406516,1,-91,12
16:13:26.677,58406677,1,-90,12
16:13:26.877,58406877,1,-90,12
16:13:27.076,58407076,1,-90,12
16:13:27.276,58407276,1,-90,12
16:13:27.476,58407476,1,-91,14
16:13:27.677,58407677,1,-92,12
16:13:27.956,58407956,1,-93,11
16:13:28.076,58408076,1,-90,14
16:13:28.276,58408276,1,-92,12
16:13:28.476,58408476,1,-93,8
16:13:28.678,58408678,1,-94,10
16:13:28.877,58408877,1,-94,14
16:13:29.116,58409116,1,-94,10
16:13:29.276,58409276,1,-91,11
16:13:29.557,58409557,1,-92,12
16:13:29.677,58409677,1,-90,12
16:13:29.876,58409876,1,-90,12
16:13:30.076,58410076,1,-91,10
16:13:30.276,58410276,1,-93,13
16:13:30.498,58410498,1,-91,12
16:13:30.676,58410676,1,-93,10
16:13:30.877,58410877,1,-93,12
16:13:31.076,58411076,1,-93,11
16:13:31.276,58411276,1,-92,12
16:13:31.476,58411476,1,-91,13
16:13:31.716,58411716,1,-90,14
16:13:31.916,58411916,1,-91,15
16:13:32.116,58412116,1,-91,12
16:13:32.277,58412277,1,-90,13
16:13:32.516,58412516,1,-91,14
16:13:32.716,58412716,1,-89,13
16:13:32.876,58412876,1,-91,12
16:13:33.078,58413078,1,-91,9
16:13:33.276,58413276,1,-94,8
16:13:33.477,58413477,1,-91,10
16:13:33.676,58413676,1,-92,12
16:13:33.876,58413876,1,-91,14
16:13:34.116,58414116,1,-91,13
16:13:34.276,58414276,1,-90,12
16:13:34.516,58414516,1,-90,12
16:13:34.676,58414676,1,-93,8
16:13:34.876,58414876,1,-92,12
16:13:35.116,58415116,1,-93,8
16:13:35.276,58415276,1,-93,10
16:13:35.516,58415516,1,-90,11
16:13:35.678,58415678,1,-91,12
16:13:35.955,58415955,1,-92,9
16:13:36.075,58416075,1,-94,10
16:13:36.276,58416276,1,-93,8
16:13:36.477,58416477,1,-92,11
16:13:36.677,58416677,1,-93,7
16:13:36.916,58416916,1,-91,9
16:13:37.076,58417076,1,-91,8
16:13:37.275,58417275,1,-90,11
16:13:37.556,58417556,1,-92,8
16:13:37.716,58417716,1,-91,10
16:13:37.916,58417916,1,-92,10
16:13:38.076,58418076,1,-91,11
16:13:38.277,58418277,1,-91,10
16:13:38.476,58418476,1,-91,11
16:13:38.716,58418716,1,-90,12
16:13:38.917,58418917,1,-92,13
16:13:39.077,58419077,1,-91,13
16:13:39.277,58419277,1,-93,11
16:13:39.477,58419477,1,-91,11
16:13:39.677,58419677,1,-91,12
16:13:39.917,58419917,1,-90,13
16:13:40.077,58420077,1,-91,11
16:13:40.277,58420277,1,-93,9
16:13:40.518,58420518,1,-92,11
16:13:40.676,58420676,1,-90,12
16:13:40.876,58420876,1,-90,12
16:13:41.076,58421076,1,-89,12
16:13:41.277,58421277,1,-88,13
16:13:41.476,58421476,1,-91,11
16:13:41.717,58421717,1,-88,12
16:13:41.916,58421916,1,-89,10
16:13:42.117,58422117,1,-87,13
16:13:42.356,58422356,1,-88,11
16:13:42.476,58422476,1,-88,12
16:13:42.677,58422677,1,-91,11
16:13:42.876,58422876,1,-89,15
16:13:43.117,58423117,1,-92,11
16:13:43.277,58423277,1,-91,14
16:13:43.476,58423476,1,-92,12
16:13:43.716,58423716,1,-92,10
16:13:43.876,58423876,1,-92,10
16:13:44.116,58424116,1,-92,10
16:13:44.277,58424277,1,-91,13
16:13:44.517,58424517,1,-91,8
16:13:44.757,58424757,1,-93,11
16:13:44.877,58424877,1,-92,9
16:13:45.077,58425077,1,-94,8
16:13:45.288,58425288,1,-94,9
16:13:45.477,58425477,1,-95,0
16:13:45.676,58425676,1,-96,5
16:13:45.877,58425877,1,-94,7
16:13:46.077,58426077,1,-95,8
16:13:46.277,58426277,1,-92,6
16:13:46.477,58426477,1,-93,7
16:13:46.716,58426716,1,-93,6
16:13:46.876,58426876,1,-93,7
16:13:47.076,58427076,1,-93,8
16:13:47.276,58427276,1,-93,8
16:13:47.468,58427468,1,-92,8
16:13:47.716,58427716,1,-92,9
16:13:47.956,58427956,1,-93,8
16:13:48.116,58428116,1,-94,8
16:13:48.276,58428276,1,-92,7
16:13:48.556,58428556,1,-93,8
16:13:48.676,58428676,1,-94,7
16:13:48.877,58428877,1,-93,8
16:13:49.077,58429077,1,-93,8
16:13:49.276,58429276,1,-93,8
16:13:49.516,58429516,1,-92,8
16:13:49.676,58429676,1,-93,8
16:13:49.877,58429877,1,-94,7
16:13:50.077,58430077,1,-94,8
16:13:50.317,58430317,1,-94,7
16:13:50.517,58430517,1,-94,8
16:13:50.717,58430717,1,-94,7
16:13:50.876,58430876,1,-94,8
16:13:51.076,58431076,1,-95,8
16:13:51.355,58431355,1,-94,8
16:13:51.477,58431477,1,-94,7
16:13:51.716,58431716,1,-94,8
16:13:51.957,58431957,1,-93,7
16:13:52.077,58432077,1,-95,8
16:13:52.277,58432277,1,-94,6
16:13:52.516,58432516,1,-94,8
16:13:52.677,58432677,1,-94,7
16:13:52.876,58432876,1,-94,11
16:13:53.076,58433076,1,-94,6
16:13:53.277,58433277,1,-94,7
16:13:53.477,58433477,1,-95,6
16:13:53.677,58433677,1,-94,7
16:13:53.877,58433877,1,-94,7
16:13:54.117,58434117,1,-93,9
16:13:54.298,58434298,1,-92,12
16:13:54.476,58434476,1,-94,9
16:13:54.676,58434676,1,-94,9
16:13:54.916,58434916,1,-93,8
16:13:55.076,58435076,1,-93,9
16:13:55.277,58435277,1,-92,8
16:13:55.476,58435476,1,-92,7
16:13:55.715,58435715,1,-93,9
16:13:55.897,58435897,1,-93,8
16:13:56.075,58436075,1,-91,9
16:13:56.276,58436276,1,-90,8
16:13:56.476,58436476,1,-90,10
16:13:56.716,58436716,1,-91,9
16:13:56.904,58436904,1,-91,9
